index,bigram_surprisal,trigram_surprisal
count,50650.0,50650.0
mean,12.650829058690782,13.608374448973304
std,9.405406065394546,9.701282250961222
min,0.007186083328196742,0.0004446842996629217
25%,5.909237729633467,6.311705327852304
50%,10.803172583100874,12.224970567079993
75%,16.963647611425294,18.220406141197127
max,39.86313713864835,39.86313713864835
