index,bigram_surprisal,trigram_surprisal
count,10256.0,10256.0
mean,11.599227970652398,12.621784379051109
std,8.513974555340907,8.95546337222388
min,0.03629379629888134,0.0031539639547467613
25%,5.525544630727198,5.798728925893692
50%,9.943765648746668,11.215880195571941
75%,15.66989736451567,17.332028420778325
max,39.86313713864835,39.86313713864835
